{
  "train_patients": 34,
  "val_patients": 7,
  "test_patients": 8,
  "best_epoch": 494,
  "best_val_mae": 0.7299851771236452,
  "test_mae": 0.5519520174247122,
  "test_clarke_a": 92.432,
  "test_key_maes": {
    "5min": 0.06123179321856233,
    "15min": 0.16486132529335937,
    "30min": 0.30186075649487704,
    "60min": 0.5559167585094908,
    "120min": 1.0394878353241324
  }
}